5a5254f6d7b993c2f162426fab2d7fba9bd07f43,src/share,src/test
6c455e0d54cb9d09836920d48a996bf6022e2e2f,src/share,src/test
faf6509899969e43c8a2eaa6920cb35168a8816a,src/share,src/test
cd20d69f5369dd661c8eed5e7f9f924aeaf11ee4,src/share,src/test
f675cbfd608c4390733098328309574f1ed87ec7,src/share,src/test
b66045712d5867a57229e2e8303f16a9aa80fdcf,src/share,src/test
c2c25b85aa16b71965f76ea8eadeb381aa3b6239,src/share,src/test
7f6d2217fe853ff3c0085395aa724b1e5bb8e9c5,src/share,src/test
b66045712d5867a57229e2e8303f16a9aa80fdcf,src/share,src/test
58d24e21dffee3e82060ee38981a9c5397e34ff3,src/share,src/test
b266ec40183da15de916b6eb14d3c9999b600a77,src/main/java,src/test/java
635ba2bf6cfe09594cd8a72b65eaea9321ab62f4,src/main/java,src/test/java
9f2301621de691bf98c533708231c9a248c9cb8a,src/main/java,src/test/java
7ff07e7799577aecaae22e8a5a9346707e676e3e,src/main/java,src/test/java
dd8153b791a4c6d799dd28ec4ae53ffab1e386cb,src/main/java,src/test/java
27ee44fb05078102402c2b7be6ab7864063dccf6,src/main/java,src/test/java
99416b6ad6f1e0eb7f880110242cf7f56cfb8cfe,src/main/java,src/test/java
702283a604f830a4b26227a985001e1eeeb08a72,src/main/java,src/test/java
c547175b4291860bf5e6a52af7e574bc5e214dc0,src/main/java,src/test/java
1ed5b4f9b1ae9136b2749fd0ef33f2efefc6762f,src/main/java,src/test/java
4fdca223ea9a9a001a5c7fb8b7a1a9e1e2601c91,src/main/java,src/test/java
99416b6ad6f1e0eb7f880110242cf7f56cfb8cfe,src/main/java,src/test/java
e127ae8ba3cc201f45408458b0d0f6fde1303dfc,src/main/java,src/test/java
7d9d905705fb1e0a4d6ce10166c9019d0e1d2e14,src/main/java,src/test/java
82b606bdc99b94dfa789f1c6554169d01bcee36f,src/main/java,src/test/java
ccb0bba48e88c4a66f2d8111437aa314df4fbad1,src/main/java,src/test/java
7ad5e846cd557c168670354bb9cdfe0120a487f9,src/main/java,src/test/java
0b3497b7d2dd22f8402bca82dd56b49f0724f367,src/main/java,src/test/java
f1a42a677bbc6e36fc53fc0812ccc9877bd0e0a7,src/main/java,src/test/java
57d42df6e345a83a8b647a279ef23503530077de,src/main/java,src/test/java
07e0466c3bfbfee16e500f2d329206842575d690,src/main/java,src/test/java
0aa433359c222fb8e0e5a4f77bd67fc1cbeaa21b,src/main/java,src/test/java
27ee44fb05078102402c2b7be6ab7864063dccf6,src/main/java,src/test/java
562c880b48b56d6cef6095be3f4793141fd9fa24,src/main/java,src/test/java
848f7c0f88f2d92cd8d2f63404f2564a1bd7697c,src/main/java,src/test/java
e112f14bd993510c1a6539d9c9a9864a03060f48,src/main/java,src/test/java
ac1021c7f42c4dd2db26482c595ba289783c742e,src/main/java,src/test/java
848f7c0f88f2d92cd8d2f63404f2564a1bd7697c,src/main/java,src/test/java
01fd9c792b8a2f3a7206d43c21d34de8135eaf6e,src/main/java,src/test/java
f7c43cd216051aeff62194bfe1b98a7fe7f75c9f,src/main/java,src/test/java
58a343b1d904d96a62dc5d1b9023824e4d234c11,src/main/java,src/test/java
97dfbef102792bada5ce921e0104814591a9b0df,src/main/java,src/test/java
ff84d7b2e8d89555c518767416af0a60d0f245ba,src/main/java,src/test/java
155333ae881e52a4ad49b3de6cfa848bca838677,src/main/java,src/test/java
0e336f04a7414983f206d8747880fc52f1cda033,src/main/java,src/test/java
8747c860df77325a1ac6ddb9e77e9960cad11570,src/main/java,src/test/java
0aa433359c222fb8e0e5a4f77bd67fc1cbeaa21b,src/main/java,src/test/java
222bb7c86571971626f6eab3adf9c13fc4155dfc,src/main/java,src/test/java
f9542c07b8271c829507b538462ef4ff2b80bfa3,src/main/java,src/test/java
b7b67f404deb18cec259f51d46aa1b37b86b7356,src/main/java,src/test/java
8d065c9321a7180a4907c776fd0edc156bf1a5ca,src/main/java,src/test/java
fcc858879a290d3e12b0837beab74927074ade57,src/main/java,src/test/java
562c880b48b56d6cef6095be3f4793141fd9fa24,src/main/java,src/test/java
63a1933ed8eb04a1b7924238710b8740916509bd,src/main/java,src/test/java
1f608abd1d869fa4d049482401ad4b901342fd9a,src/main/java,src/test/java
9f21a03adeb43b02a548d6fb79984c00ce5cd398,src/main/java,src/test/java
c519f5515fbf9cd4b213c1dfcebff8e1e37330fb,src/main/java,src/test/java
f6ecda192c94f5ed4b4859ad041b8ecc775f874d,src/main/java,src/test/java
8e4ffb044bc78cb8c317e14e9c25b0affc28df73,src/main/java,src/test/java
05de0f3b3b7ef1785c4e80c14c3009d73230c5d5,src/main/java,src/test/java
2fc302e1ea9a5c0eedba4d27488670467c823190,src/main/java,src/test/java
18d5f4ba6e975408c9c171c316fcd38eac2d981f,src/main/java,src/test/java
f7c43cd216051aeff62194bfe1b98a7fe7f75c9f,src/main/java,src/test/java
03bf0d33143ebd13e4f389cd4ecac8aec17c2057,src/main/java,src/test/java
698b384a95456673fdfaaac2b9b3088dfad6f2a3,src/main/java,src/test/java
c45994e38779957dbc09d74831aaa664e7031a46,src/main/java,src/test/java
6aa38523e82d96491463f0ba561fbd6c1d13bfe1,src/main/java,src/test/java
6557ab539177a1a130ab33c0ffb7c3ed3a9c6c4b,src/main/java,src/test/java
0b8ba2992a76c889864d697a7122c5e5d124d87b,src/main/java,src/test/java
4d24f9b5ab7fddad2c62a6ce47ce9542835a3981,src/main/java,src/test/java
79c74067b3b43a4d2e04b054fcefda3da147d595,src/main/java,src/test/java
452c628c21466ec4f68d90921c8ebeab362fa17d,src/main/java,src/test/java
ccb7ab62cd014b620e0755788e7c7a9fe9d3c10f,src/main/java,src/test/java
043a39baa8befc916faa0d4cca714b9fef2c19b3,src/main/java,src/test/java
05de0f3b3b7ef1785c4e80c14c3009d73230c5d5,src/main/java,src/test/java
cb9e256f9e69ebdbccb802fcd890d5d181cdd1d4,src/main/java,src/test/java
2404939a4bfe4681925903bb2d1a0d174217942a,src/main/java,src/test/java
ab1f195d44a61b2a01bb4c3f626afcacda978867,src/main/java,src/test/java
3732ecd015fcc1d094ceffa2c043e7f9a533d4d2,src/main/java,src/test/java
c247c6e361bc1ea677526418cbbc2eb5ab2d54b9,src/main/java,src/test/java
27f1c3badc173b2e739121dce36b3a6634dd3a65,src/main/java,src/test/java
b01e9e0720f663f3e4fd0dd0a03e013957998f84,src/main/java,src/test/java
e900997b43f1c2a060ec6432bf8663dc942a198c,src/main/java,src/test/java
e36fc4bc44cf8b44ea4619944ef518f0546a703e,src/main/java,src/test/java
e4a3737c6c07420ee7c27a968c443b04d71c3eaf,src/main/java,src/test/java
e2feaed85df37bc91fdeb59220c90fac2d3ade4b,src/main/java,src/test/java
e2feaed85df37bc91fdeb59220c90fac2d3ade4b,src/main/java,src/test/java
ba559195253cbe42f2f04642e93bcb7e72599005,src/main/java,src/test/java
